Drug,Target,Apoptosis_WT,Apoptosis_ATM_def,Synthetic_Lethality_Score,Therapeutic_Index,DSB_Level,HR_Activity,PARP_Activity,Cell_Cycle_Arrest,ATM_Activity,ATR_Activity
VE-822 (ATR inhibitor),ATR,0.09849649619180802,0.8749002522986123,8.882551940856006,8.882551940856006,2.233311154131876,0.0,15.43757612758896,0.0,5.02320739916527,29.7227187082161
AZD6738 (ATR inhibitor),ATR,0.09898756003773487,0.8790853189907873,8.8807655201816,8.8807655201816,2.249977655391648,0.0,15.552597674977358,0.0,5.0606940235077404,29.944502195909042
Adavosertib (WEE1 inhibitor),WEE1,0.19045467514595424,0.9923275537806038,5.210308162873025,5.210308162873025,1.2916538398281747,0.0,8.93885892064358,108.94536850470661,2.905213246370891,17.191952394635916
Dual ATR+PARP inhibition,ATR+PARP,0.11355911139979884,0.45865278633631346,4.038890201268656,4.038890201268656,0.6222717066015434,0.9558093413446995,0.8891549954326294,0.0,1.4000389296403004,8.295315147075177
Triple combination,ATR+PARP+WEE1,0.11355911141444025,0.45865278634790374,4.038890200849977,4.038890200849977,0.6222717066011914,0.9558093413425812,0.8891549931469777,11.97982794122188,1.4000389303290321,8.295315149647326
Olaparib (PARP inhibitor),PARP,0.2326898935860073,0.8191178668544928,3.5202124626504947,3.5202124626504947,0.4346202805484783,0.6675767509425405,0.6282672419018506,0.0,0.9778406312164736,5.794671262742244
Talazoparib (PARP inhibitor),PARP,0.2326898935860073,0.8191178668544928,3.5202124626504947,3.5202124626504947,0.4346202805484783,0.6675767509425405,0.6282672419018506,0.0,0.9778406312164736,5.794671262742244
Prexasertib (CHK1 inhibitor),CHK1,0.2919741311982428,0.9999999234107069,3.424960683611975,3.424960683611975,1.8999811324591043,0.0,13.137145291682694,0.0,4.273474974706526,25.287049330811353
ATM inhibitor (KU-55933),ATM,0.22646476934767729,0.6345577951698729,2.802015493163355,2.802015493163355,1.2083213333607707,0.0,8.363751182632317,0.0,0.5435560244506845,16.083034947559412
