Drug,Apoptosis_WT,Apoptosis_ATM_def,Synthetic_Lethality_Score,Therapeutic_Index,DSB_ATM_def,DSB_WT,HR_Activity_ATM_def,ATR_Activity_ATM_def,PARP_Activity_ATM_def
Peposertib (NHEJ inhibitor),0.15597584204824097,0.9999999998488688,6.411249205683625,6.411249205683625,9.18894335863043,5.4383542269145675,0.0,116.17462610463036,58.30331222221558
Peposertib + AZD6738 (NHEJ+ATR),0.09239455659079111,0.9999906003399209,10.823046577795283,10.823046577795283,13.68965030960233,5.4383542253114685,0.0,173.07465538027913,86.84794386775656
Peposertib + VE-822 (NHEJ+ATR),0.09239455659079111,0.9999906003399209,10.823046577795283,10.823046577795283,13.68965030960233,5.4383542253114685,0.0,173.07465538027913,86.84794386775656
AZD6738 (ATR inhibitor),0.09898756003773515,0.879085318990788,8.880765520181582,8.880765520181582,2.249977655391648,1.2083213332553409,0.0,29.944502195909042,15.552597674977358
VE-822 (ATR inhibitor),0.09849649619180761,0.8749002522986116,8.882551940856034,8.882551940856034,2.233311154131876,1.2083213333054699,0.0,29.722718708216114,15.437576127588965
