Drug,Concentration_nM,Apoptosis_WT,Apoptosis_ATM_def,SL_Score,Therapeutic_Index,ATR_Activity_WT,ATR_Activity_ATM_def,p53_Pathway_WT,p53_Pathway_ATM_def
Adavosertib (WEE1 inhibitor),10,0.9999999999909507,1.0,0.9999999990090493,0.9999999990090493,6.4354537124144615,16.083034870438677,477155.99982435384,1744363.5467303502
Adavosertib (WEE1 inhibitor),25,1.0,1.0,0.9999999989999999,0.9999999989999999,6.435453710517014,16.08303486722576,477156.0002720526,1744363.5481429202
Adavosertib (WEE1 inhibitor),50,1.0,0.9999999999972289,0.9999999989972288,0.9999999989972288,6.435453709910473,16.08303487679132,477156.00037722965,1744363.5436373614
Adavosertib (WEE1 inhibitor),75,0.9999999999991454,0.9999999999966936,0.9999999989975482,0.9999999989975482,6.4354537109351195,16.083034876499294,477156.00012660323,1744363.5437986727
Adavosertib (WEE1 inhibitor),100,1.0,0.9999999999964453,0.9999999989964452,0.9999999989964452,6.435453710132823,16.083034876618402,477156.00032277766,1744363.5437501248
Adavosertib (WEE1 inhibitor),150,1.0,1.0,0.9999999989999999,0.9999999989999999,6.435453709059001,16.08303487118182,477156.0006073303,1744363.5464007966
Adavosertib (WEE1 inhibitor),200,1.0,1.0,0.9999999989999999,0.9999999989999999,6.435453710508501,16.083034871732597,477156.00025163376,1744363.5461294665
