Drug,Concentration_nM,Apoptosis_WT,Apoptosis_ATM_def,SL_Score,Therapeutic_Index,ATR_Activity_WT,ATR_Activity_ATM_def,p53_Pathway_WT,p53_Pathway_ATM_def
AZD6738 (ATR inhibitor),10,0.9999999999958488,1.0,0.9999999990041513,0.9999999990041513,6.435453712108284,16.083034841184805,275208.648703023,833569.2064482276
AZD6738 (ATR inhibitor),25,0.9999999999724661,1.0,0.9999999990275339,0.9999999990275339,6.435453717070657,16.083034852866607,176128.80209723665,429075.04596225213
AZD6738 (ATR inhibitor),50,1.0,0.9999999999966568,0.9999999989966567,0.9999999989966567,6.435453727522828,16.083034873181365,114289.6734080613,206480.3152253952
AZD6738 (ATR inhibitor),75,0.9999999999846926,0.9999999999212886,0.9999999989365961,0.9999999989365961,6.435453730210424,16.083034901251615,88365.14777525117,125374.3343170646
AZD6738 (ATR inhibitor),100,1.0,1.0,0.9999999989999999,0.9999999989999999,6.43545373001421,16.08303493110889,74408.84476205312,86371.98881321242
AZD6738 (ATR inhibitor),150,0.999999999964017,0.9999999993299385,0.9999999983659215,0.9999999983659215,6.435453735166246,16.08303495427525,59926.71368878109,50670.45032201465
AZD6738 (ATR inhibitor),200,0.9999999998312102,0.99999998531141,0.9999999844801998,0.9999999844801998,6.435453744234639,16.083034973195158,52557.66185623228,34925.677307045895
