Drug,Concentration_nM,Apoptosis_WT,Apoptosis_ATM_def,SL_Score,Therapeutic_Index,ATR_Activity_WT,ATR_Activity_ATM_def,p53_Pathway_WT,p53_Pathway_ATM_def
Olaparib (PARP inhibitor),10,1.0,0.999999999993603,0.9999999989936029,0.9999999989936029,4.765370147131188,11.907825911824466,235613.55849389598,823463.5269237057
Olaparib (PARP inhibitor),25,1.0,1.0,0.9999999989999999,0.9999999989999999,3.9120462389030446,9.774516118295542,162243.15469997024,564786.1894547698
Olaparib (PARP inhibitor),50,1.0,0.999999999992655,0.9999999989926549,0.9999999989926549,3.3253439617885276,8.307760403165851,119215.85756843512,413140.0712686198
Olaparib (PARP inhibitor),75,0.9999999999960613,1.0,0.9999999990039388,0.9999999990039388,3.039002646340965,7.591907116873848,100514.66836877132,347301.16179041396
Olaparib (PARP inhibitor),100,1.0,1.0,0.9999999989999999,0.9999999989999999,2.8659399580329676,7.15925039934763,89957.65852197079,310168.1906012752
Olaparib (PARP inhibitor),150,0.9999999999960937,0.9999999999010218,0.9999999989049282,0.9999999989049282,2.6646201383993153,6.65595084816195,78391.50120011944,269524.1053589754
Olaparib (PARP inhibitor),200,1.0,0.9999999999605839,0.9999999989605838,0.9999999989605838,2.550181962137755,6.369855418039282,72161.83023917425,247653.63829177813
