Drug,Concentration_nM,Apoptosis_WT,Apoptosis_ATM_def,SL_Score,Therapeutic_Index,ATR_Activity_WT,ATR_Activity_ATM_def,p53_Pathway_WT,p53_Pathway_ATM_def
Prexasertib (CHK1 inhibitor),10,0.9999999999986939,0.9999999999890281,0.9999999989903341,0.9999999989903341,6.435453709968052,16.08303483374405,549057.3715370058,2079491.3818339512
Prexasertib (CHK1 inhibitor),25,0.9999999999986418,1.0,0.9999999990013582,0.9999999990013582,6.4354536998864305,16.08303481831267,809472.7797570735,3325320.632886275
Prexasertib (CHK1 inhibitor),50,0.9999999999984116,0.9999999999990125,0.9999999990006009,0.9999999990006009,6.435453696439665,16.083034811805863,1313023.4873667487,5787323.791596739
Prexasertib (CHK1 inhibitor),75,0.9999999999980952,1.0,0.9999999990019048,0.9999999990019048,6.4354536937993565,16.08303478715136,1866836.7470768197,8508925.684549734
Prexasertib (CHK1 inhibitor),100,0.9999999999911378,1.0,0.9999999990088622,0.9999999990088622,6.435453688129482,16.08303478931997,2437252.145841548,11300058.571663843
Prexasertib (CHK1 inhibitor),150,1.0,1.0,0.9999999989999999,0.9999999989999999,6.435453690745447,16.083034779329914,3546838.6543080155,16670524.723389275
Prexasertib (CHK1 inhibitor),200,1.0,0.9999999999947713,0.9999999989947712,0.9999999989947712,6.435453682639712,16.083034768287355,4553968.213586234,21475266.848323885
