Drug,Concentration_nM,Apoptosis_WT,Apoptosis_ATM_def,SL_Score,Therapeutic_Index,ATR_Activity_WT,ATR_Activity_ATM_def,p53_Pathway_WT,p53_Pathway_ATM_def
VE-822 (ATR inhibitor),10,0.9999999999559225,0.9999999999938948,0.9999999990379723,0.9999999990379723,6.435453705303535,16.083034842797456,285956.13742536516,880118.075616786
VE-822 (ATR inhibitor),25,0.9999999999193646,1.0,0.9999999990806354,0.9999999990806354,6.435453715097649,16.083034853677148,190608.75685041855,485489.33731680305
VE-822 (ATR inhibitor),50,1.0,0.9999999999987839,0.9999999989987838,0.9999999989987838,6.435453726644807,16.08303486567223,125873.57958018525,245643.5152649769
VE-822 (ATR inhibitor),75,0.999999999997065,1.0,0.9999999990029349,0.9999999990029349,6.435453727743731,16.08303491464621,97305.6201151013,152304.39499429706
VE-822 (ATR inhibitor),100,0.9999999999744046,1.0,0.9999999990255954,0.9999999990255954,6.4354537288271905,16.083034925415763,81550.4227372896,105900.45252626855
VE-822 (ATR inhibitor),150,0.9999999999993382,0.9999999998845215,0.9999999988851833,0.9999999988851833,6.435453733764953,16.083034942726975,64926.8486628984,62389.31158693199
VE-822 (ATR inhibitor),200,0.9999999999243182,0.9999999971653235,0.9999999962410053,0.9999999962410053,6.4354537362385456,16.083034960056594,56368.131736967356,42858.3483556677
